{
  "accuracy": 0.9184210526315789,
  "classification_report": {
    "World": {
      "precision": 0.9353260869565218,
      "recall": 0.9057894736842105,
      "f1-score": 0.9203208556149732,
      "support": 1900.0
    },
    "Sports": {
      "precision": 0.9516539440203562,
      "recall": 0.9842105263157894,
      "f1-score": 0.9676584734799483,
      "support": 1900.0
    },
    "Business": {
      "precision": 0.8906001062134891,
      "recall": 0.8826315789473684,
      "f1-score": 0.8865979381443299,
      "support": 1900.0
    },
    "Sci/Tech": {
      "precision": 0.895397489539749,
      "recall": 0.9010526315789473,
      "f1-score": 0.8982161594963274,
      "support": 1900.0
    },
    "accuracy": 0.9184210526315789,
    "macro avg": {
      "precision": 0.918244406682529,
      "recall": 0.9184210526315789,
      "f1-score": 0.9181983566838947,
      "support": 7600.0
    },
    "weighted avg": {
      "precision": 0.9182444066825289,
      "recall": 0.9184210526315789,
      "f1-score": 0.9181983566838946,
      "support": 7600.0
    }
  }
}